‚â†User ID,Name,Username,Message,Date and Time
7071122079,Artur,Archer1611,–ø–æ–ø—Ä–æ–±—É–π –∑–∞–Ω–æ–≤–æ,2025-09-21 10:12:28
7071122079,Artur,Archer1611,üîÑ –°–ø—Ä–æ–±—É–π –∑–∞–Ω–æ–≤–æ,2025-09-21 10:13:48
7071122079,Artur,Archer1611,üîÑ –°–ø—Ä–æ–±—É–π –∑–∞–Ω–æ–≤–æ,2025-09-21 10:16:27
7071122079,Artur,Archer1611,üîÑ –°–ø—Ä–æ–±—É–π –∑–∞–Ω–æ–≤–æ,2025-09-21 20:38:27
7071122079,Artur,Archer1611,üîÑ –°–ø—Ä–æ–±—É–π –∑–∞–Ω–æ–≤–æ,2025-09-21 20:38:27
7071122079,Artur,Archer1611,üîÑ –°–ø—Ä–æ–±—É–π –∑–∞–Ω–æ–≤–æ,2025-09-21 20:38:27
7071122079,Artur,Archer1611,–ê–≥–∞—Ç,2025-09-21 20:39:10
7071122079,Artur,Archer1611,–î–Ω—ñ–ø—Ä–æ,2025-09-21 20:39:33
7071122079,Artur,Archer1611,–¢–µ–ª—å-–∞–≤—ñ–≤,2025-09-21 20:39:48
7071122079,Artur,Archer1611,–¢–µ–ª—å–∞–≤—ñ–≤,2025-09-21 20:40:05
7071122079,Artur,Archer1611,–¢–µ–ª—å-–ê–≤—ñ–≤,2025-09-21 20:40:19
7071122079,Artur,Archer1611,–Ø–ª—Ç–∞,2025-09-21 20:40:30
7071122079,Artur,Archer1611,–ù–æ–≤–æ–º–æ—Å–∫–æ–≤—Å—å–∫,2025-09-21 20:41:08
7071122079,Artur,Archer1611,üí° –ü—ñ–¥–∫–∞–∑–∫–∞,2025-09-21 20:41:43
7071122079,Artur,Archer1611,üîÑ –°–ø—Ä–æ–±—É–π –∑–∞–Ω–æ–≤–æ,2025-09-21 22:44:34
